,Plot,Plant_id,kind,x(m),y(m),width(m),length(m),hover_area(m2),height(m),convex_volume(m3),voxel_volume(m3),index
0,S01,1,0,-2.1022207085664073,-0.13245243067905174,0.3488913113216734,0.30971986638890225,0.08095827661483397,0.2010784149169922,0.012841745679320797,0.00019461814815541074,1
1,S01,2,0,-1.8177024047014239,-0.30135339711549874,0.26825372452293306,0.2796859462031167,0.05369567193040933,0.17246437072753906,0.006488338178571699,0.00012241522905293058,0
2,S01,3,0,-1.6047069264358946,-0.03010697519075752,0.37535582508388377,0.2676225609053291,0.07657953286581962,0.23905706405639648,0.013216575097019732,0.00024660702185861944,3
3,S01,4,0,-1.4093163116986798,-0.29462354287512577,0.43957453431758275,0.24948512548162732,0.08257424360958864,0.18885254859924316,0.011438278756540979,0.00013006532589977527,2
4,S01,5,0,-1.1190300645151603,0.03714725064238586,0.434018003319508,0.3458648387621945,0.10403661032355484,0.2744344472885132,0.020947970240984964,0.00041789398776546455,4
5,S01,6,0,-0.9883839343580556,-0.2575674239767858,0.2663586509980267,0.29289323336979767,0.06738281845554007,0.2476412057876587,0.014119202823121268,0.0002785825391811716,5
